<?xml version="1.0" encoding="UTF-8"?>
<!DOCTYPE hibernate-configuration PUBLIC
        "-//Hibernate/Hibernate Configuration DTD 3.0//EN"
        "http://hibernate.sourceforge.net/hibernate-configuration-3.0.dtd">
<hibernate-configuration>
    <session-factory>
        <!-- Database connection settings -->
        <property name="hibernate.connection.driver_class">com.mysql.cj.jdbc.Driver</property>
        <property name="hibernate.connection.url">jdbc:mysql://localhost:3306/hms?useSSL=false&amp;allowPublicKeyRetrieval=true&amp;serverTimezone=UTC</property>
        <property name="hibernate.connection.username">root</property>
        <property name="hibernate.connection.password"></property> <!-- 👈 put your real MySQL password here -->

        <!-- JDBC connection pool (use built-in) -->
        <property name="hibernate.connection.pool_size">5</property>

        <!-- SQL dialect -->
        <property name="hibernate.dialect">org.hibernate.dialect.MySQL8Dialect</property>

        <!-- Echo all executed SQL to stdout -->
        <property name="show_sql">true</property>

        <!-- Automatically create/drop tables -->
        <property name="hbm2ddl.auto">update</property>

        <!-- List of annotated entity classes -->
        <mapping class="com.hospital.model.Patient"/>
        <mapping class="com.hospital.model.Appointment"/>
        <mapping class="com.hospital.model.Doctor"/>
    </session-factory>
</hibernate-configuration>
